<?xml version="1.0" encoding="UTF-8"?>
<project-private xmlns="http://www.netbeans.org/ns/project-private/1">
    <editor-bookmarks xmlns="http://www.netbeans.org/ns/editor-bookmarks/2" lastBookmarkId="0"/>
    <open-files xmlns="http://www.netbeans.org/ns/projectui-open-files/2">
        <group>
            <file>file:/E:/Study%20Resources/My%20Projects/For%20Abid/3.1%20Tailor%20Shop%20Management%20System/DB%20Project/SDProject/src/MyProject/SignIN.java</file>
            <file>file:/E:/Study%20Resources/My%20Projects/For%20Abid/3.1%20Tailor%20Shop%20Management%20System/DB%20Project/SDProject/src/MyProject/Admin_Profile.java</file>
        </group>
    </open-files>
</project-private>
